{
	"partitions" : [
		{
			"name" : "Top",
			"pins" : [
				{
					"name" : "sampleValid",
					"strict" : false
				},
				{
					"name" : "sampleOut[1]",
					"strict" : false
				},
				{
					"name" : "sampleOut[4]",
					"strict" : false
				},
				{
					"name" : "sampleOut[6]",
					"strict" : false
				},
				{
					"name" : "sampleOut[7]",
					"strict" : false
				},
				{
					"name" : "sampleOut[9]",
					"strict" : false
				},
				{
					"name" : "sampleOut[17]",
					"strict" : false
				},
				{
					"name" : "sampleOut[18]",
					"strict" : false
				},
				{
					"name" : "sampleOut[20]",
					"strict" : false
				},
				{
					"name" : "sampleOut[23]",
					"strict" : false
				},
				{
					"name" : "sampleOut[24]",
					"strict" : false
				},
				{
					"name" : "sampleOut[27]",
					"strict" : false
				},
				{
					"name" : "sampleOut[30]",
					"strict" : false
				},
				{
					"name" : "indexOut[1]",
					"strict" : false
				},
				{
					"name" : "indexOut[4]",
					"strict" : false
				},
				{
					"name" : "indexOut[6]",
					"strict" : false
				},
				{
					"name" : "indexOut[7]",
					"strict" : false
				},
				{
					"name" : "ballValid",
					"strict" : false
				},
				{
					"name" : "start",
					"strict" : false
				},
				{
					"name" : "bound[9]",
					"strict" : false
				},
				{
					"name" : "bound[6]",
					"strict" : false
				},
				{
					"name" : "bound[7]",
					"strict" : false
				},
				{
					"name" : "bound[4]",
					"strict" : false
				},
				{
					"name" : "bound[2]",
					"strict" : false
				},
				{
					"name" : "bound[3]",
					"strict" : false
				},
				{
					"name" : "bound[0]",
					"strict" : false
				},
				{
					"name" : "bound[1]",
					"strict" : false
				},
				{
					"name" : "bound[15]",
					"strict" : false
				},
				{
					"name" : "bound[16]",
					"strict" : false
				},
				{
					"name" : "bound[8]",
					"strict" : false
				},
				{
					"name" : "bound[5]",
					"strict" : false
				},
				{
					"name" : "bound[10]",
					"strict" : false
				},
				{
					"name" : "bound[11]",
					"strict" : false
				},
				{
					"name" : "bound[12]",
					"strict" : false
				},
				{
					"name" : "bound[13]",
					"strict" : false
				},
				{
					"name" : "bound[14]",
					"strict" : false
				},
				{
					"name" : "bound[20]",
					"strict" : false
				},
				{
					"name" : "bound[30]",
					"strict" : false
				},
				{
					"name" : "bound[27]",
					"strict" : false
				},
				{
					"name" : "bound[23]",
					"strict" : false
				},
				{
					"name" : "bound[24]",
					"strict" : false
				},
				{
					"name" : "bound[17]",
					"strict" : false
				},
				{
					"name" : "bound[18]",
					"strict" : false
				},
				{
					"name" : "bound[25]",
					"strict" : false
				},
				{
					"name" : "bound[26]",
					"strict" : false
				},
				{
					"name" : "bound[21]",
					"strict" : false
				},
				{
					"name" : "bound[22]",
					"strict" : false
				},
				{
					"name" : "bound[19]",
					"strict" : false
				},
				{
					"name" : "bound[31]",
					"strict" : false
				},
				{
					"name" : "bound[28]",
					"strict" : false
				},
				{
					"name" : "bound[29]",
					"strict" : false
				},
				{
					"name" : "clk",
					"strict" : false
				},
				{
					"name" : "rst",
					"strict" : false
				}
			]
		}
	]
}