{
	"partitions" : [
		{
			"name" : "Top",
			"pins" : [
				{
					"name" : "hint_out",
					"strict" : false
				},
				{
					"name" : "r_in[30]",
					"strict" : false
				},
				{
					"name" : "r_in[13]",
					"strict" : false
				},
				{
					"name" : "r_in[12]",
					"strict" : false
				},
				{
					"name" : "r_in[17]",
					"strict" : false
				},
				{
					"name" : "r_in[16]",
					"strict" : false
				},
				{
					"name" : "r_in[15]",
					"strict" : false
				},
				{
					"name" : "r_in[14]",
					"strict" : false
				},
				{
					"name" : "r_in[9]",
					"strict" : false
				},
				{
					"name" : "r_in[8]",
					"strict" : false
				},
				{
					"name" : "r_in[7]",
					"strict" : false
				},
				{
					"name" : "r_in[6]",
					"strict" : false
				},
				{
					"name" : "r_in[1]",
					"strict" : false
				},
				{
					"name" : "r_in[3]",
					"strict" : false
				},
				{
					"name" : "r_in[2]",
					"strict" : false
				},
				{
					"name" : "r_in[5]",
					"strict" : false
				},
				{
					"name" : "r_in[4]",
					"strict" : false
				},
				{
					"name" : "r_in[11]",
					"strict" : false
				},
				{
					"name" : "r_in[10]",
					"strict" : false
				},
				{
					"name" : "r_in[19]",
					"strict" : false
				},
				{
					"name" : "r_in[18]",
					"strict" : false
				},
				{
					"name" : "r_in[21]",
					"strict" : false
				},
				{
					"name" : "r_in[20]",
					"strict" : false
				},
				{
					"name" : "r_in[23]",
					"strict" : false
				},
				{
					"name" : "r_in[22]",
					"strict" : false
				},
				{
					"name" : "r_in[25]",
					"strict" : false
				},
				{
					"name" : "r_in[24]",
					"strict" : false
				},
				{
					"name" : "r_in[29]",
					"strict" : false
				},
				{
					"name" : "r_in[28]",
					"strict" : false
				},
				{
					"name" : "r_in[27]",
					"strict" : false
				},
				{
					"name" : "r_in[26]",
					"strict" : false
				},
				{
					"name" : "z_in[30]",
					"strict" : false
				},
				{
					"name" : "z_in[13]",
					"strict" : false
				},
				{
					"name" : "z_in[12]",
					"strict" : false
				},
				{
					"name" : "z_in[17]",
					"strict" : false
				},
				{
					"name" : "z_in[16]",
					"strict" : false
				},
				{
					"name" : "z_in[15]",
					"strict" : false
				},
				{
					"name" : "z_in[14]",
					"strict" : false
				},
				{
					"name" : "z_in[9]",
					"strict" : false
				},
				{
					"name" : "z_in[8]",
					"strict" : false
				},
				{
					"name" : "z_in[7]",
					"strict" : false
				},
				{
					"name" : "z_in[6]",
					"strict" : false
				},
				{
					"name" : "z_in[4]",
					"strict" : false
				},
				{
					"name" : "z_in[5]",
					"strict" : false
				},
				{
					"name" : "z_in[3]",
					"strict" : false
				},
				{
					"name" : "z_in[2]",
					"strict" : false
				},
				{
					"name" : "z_in[1]",
					"strict" : false
				},
				{
					"name" : "z_in[11]",
					"strict" : false
				},
				{
					"name" : "z_in[10]",
					"strict" : false
				},
				{
					"name" : "z_in[19]",
					"strict" : false
				},
				{
					"name" : "z_in[18]",
					"strict" : false
				},
				{
					"name" : "z_in[21]",
					"strict" : false
				},
				{
					"name" : "z_in[20]",
					"strict" : false
				},
				{
					"name" : "z_in[23]",
					"strict" : false
				},
				{
					"name" : "z_in[22]",
					"strict" : false
				},
				{
					"name" : "z_in[25]",
					"strict" : false
				},
				{
					"name" : "z_in[24]",
					"strict" : false
				},
				{
					"name" : "z_in[29]",
					"strict" : false
				},
				{
					"name" : "z_in[28]",
					"strict" : false
				},
				{
					"name" : "z_in[27]",
					"strict" : false
				},
				{
					"name" : "z_in[26]",
					"strict" : false
				},
				{
					"name" : "z_in[0]",
					"strict" : false
				},
				{
					"name" : "r_in[0]",
					"strict" : false
				}
			]
		}
	]
}