{
	"partitions" : [
		{
			"name" : "Top",
			"pins" : [
				{
					"name" : "hint_out",
					"strict" : false
				},
				{
					"name" : "w1_out[0]",
					"strict" : false
				},
				{
					"name" : "w1_out[1]",
					"strict" : false
				},
				{
					"name" : "w1_out[2]",
					"strict" : false
				},
				{
					"name" : "w1_out[3]",
					"strict" : false
				},
				{
					"name" : "w1_out[4]",
					"strict" : false
				},
				{
					"name" : "w1_out[5]",
					"strict" : false
				},
				{
					"name" : "w1_out[6]",
					"strict" : false
				},
				{
					"name" : "w1_out[7]",
					"strict" : false
				},
				{
					"name" : "w1_out[8]",
					"strict" : false
				},
				{
					"name" : "w1_out[9]",
					"strict" : false
				},
				{
					"name" : "w1_out[10]",
					"strict" : false
				},
				{
					"name" : "w1_out[11]",
					"strict" : false
				},
				{
					"name" : "w1_out[12]",
					"strict" : false
				},
				{
					"name" : "w1_out[13]",
					"strict" : false
				},
				{
					"name" : "w1_out[14]",
					"strict" : false
				},
				{
					"name" : "w1_out[15]",
					"strict" : false
				},
				{
					"name" : "w1_out[16]",
					"strict" : false
				},
				{
					"name" : "w1_out[17]",
					"strict" : false
				},
				{
					"name" : "w1_out[18]",
					"strict" : false
				},
				{
					"name" : "w1_out[19]",
					"strict" : false
				},
				{
					"name" : "w1_out[20]",
					"strict" : false
				},
				{
					"name" : "w1_out[21]",
					"strict" : false
				},
				{
					"name" : "w1_out[22]",
					"strict" : false
				},
				{
					"name" : "w1_out[23]",
					"strict" : false
				},
				{
					"name" : "w1_out[24]",
					"strict" : false
				},
				{
					"name" : "w1_out[25]",
					"strict" : false
				},
				{
					"name" : "w1_out[26]",
					"strict" : false
				},
				{
					"name" : "w1_out[27]",
					"strict" : false
				},
				{
					"name" : "w1_out[28]",
					"strict" : false
				},
				{
					"name" : "w1_out[29]",
					"strict" : false
				},
				{
					"name" : "w1_out[30]",
					"strict" : false
				},
				{
					"name" : "w1_out[31]",
					"strict" : false
				},
				{
					"name" : "t0_out[0]",
					"strict" : false
				},
				{
					"name" : "t0_out[1]",
					"strict" : false
				},
				{
					"name" : "t0_out[2]",
					"strict" : false
				},
				{
					"name" : "t0_out[3]",
					"strict" : false
				},
				{
					"name" : "t0_out[4]",
					"strict" : false
				},
				{
					"name" : "t0_out[5]",
					"strict" : false
				},
				{
					"name" : "t0_out[6]",
					"strict" : false
				},
				{
					"name" : "t0_out[7]",
					"strict" : false
				},
				{
					"name" : "t0_out[8]",
					"strict" : false
				},
				{
					"name" : "t0_out[9]",
					"strict" : false
				},
				{
					"name" : "t0_out[10]",
					"strict" : false
				},
				{
					"name" : "t0_out[11]",
					"strict" : false
				},
				{
					"name" : "t0_out[12]",
					"strict" : false
				},
				{
					"name" : "t0_out[13]",
					"strict" : false
				},
				{
					"name" : "t0_out[14]",
					"strict" : false
				},
				{
					"name" : "t0_out[15]",
					"strict" : false
				},
				{
					"name" : "t0_out[16]",
					"strict" : false
				},
				{
					"name" : "t0_out[17]",
					"strict" : false
				},
				{
					"name" : "t0_out[18]",
					"strict" : false
				},
				{
					"name" : "t0_out[19]",
					"strict" : false
				},
				{
					"name" : "t0_out[20]",
					"strict" : false
				},
				{
					"name" : "t0_out[21]",
					"strict" : false
				},
				{
					"name" : "t0_out[22]",
					"strict" : false
				},
				{
					"name" : "t0_out[23]",
					"strict" : false
				},
				{
					"name" : "t0_out[24]",
					"strict" : false
				},
				{
					"name" : "t0_out[25]",
					"strict" : false
				},
				{
					"name" : "t0_out[26]",
					"strict" : false
				},
				{
					"name" : "t0_out[27]",
					"strict" : false
				},
				{
					"name" : "t0_out[28]",
					"strict" : false
				},
				{
					"name" : "t0_out[29]",
					"strict" : false
				},
				{
					"name" : "t0_out[30]",
					"strict" : false
				},
				{
					"name" : "t0_out[31]",
					"strict" : false
				},
				{
					"name" : "t1_out[0]",
					"strict" : false
				},
				{
					"name" : "t1_out[1]",
					"strict" : false
				},
				{
					"name" : "t1_out[2]",
					"strict" : false
				},
				{
					"name" : "t1_out[3]",
					"strict" : false
				},
				{
					"name" : "t1_out[4]",
					"strict" : false
				},
				{
					"name" : "t1_out[5]",
					"strict" : false
				},
				{
					"name" : "t1_out[6]",
					"strict" : false
				},
				{
					"name" : "t1_out[7]",
					"strict" : false
				},
				{
					"name" : "t1_out[8]",
					"strict" : false
				},
				{
					"name" : "t1_out[9]",
					"strict" : false
				},
				{
					"name" : "t1_out[10]",
					"strict" : false
				},
				{
					"name" : "t1_out[11]",
					"strict" : false
				},
				{
					"name" : "t1_out[12]",
					"strict" : false
				},
				{
					"name" : "t1_out[13]",
					"strict" : false
				},
				{
					"name" : "t1_out[14]",
					"strict" : false
				},
				{
					"name" : "t1_out[15]",
					"strict" : false
				},
				{
					"name" : "t1_out[16]",
					"strict" : false
				},
				{
					"name" : "t1_out[17]",
					"strict" : false
				},
				{
					"name" : "t1_out[18]",
					"strict" : false
				},
				{
					"name" : "t1_out[19]",
					"strict" : false
				},
				{
					"name" : "t1_out[20]",
					"strict" : false
				},
				{
					"name" : "t1_out[21]",
					"strict" : false
				},
				{
					"name" : "t1_out[22]",
					"strict" : false
				},
				{
					"name" : "t1_out[23]",
					"strict" : false
				},
				{
					"name" : "t1_out[24]",
					"strict" : false
				},
				{
					"name" : "t1_out[25]",
					"strict" : false
				},
				{
					"name" : "t1_out[26]",
					"strict" : false
				},
				{
					"name" : "t1_out[27]",
					"strict" : false
				},
				{
					"name" : "t1_out[28]",
					"strict" : false
				},
				{
					"name" : "t1_out[29]",
					"strict" : false
				},
				{
					"name" : "t1_out[30]",
					"strict" : false
				},
				{
					"name" : "t1_out[31]",
					"strict" : false
				},
				{
					"name" : "clk",
					"strict" : false
				},
				{
					"name" : "rst",
					"strict" : false
				},
				{
					"name" : "coeff_in[17]",
					"strict" : false
				},
				{
					"name" : "coeff_in[16]",
					"strict" : false
				},
				{
					"name" : "coeff_in[15]",
					"strict" : false
				},
				{
					"name" : "coeff_in[18]",
					"strict" : false
				},
				{
					"name" : "coeff_in[5]",
					"strict" : false
				},
				{
					"name" : "coeff_in[3]",
					"strict" : false
				},
				{
					"name" : "coeff_in[9]",
					"strict" : false
				},
				{
					"name" : "coeff_in[7]",
					"strict" : false
				},
				{
					"name" : "coeff_in[2]",
					"strict" : false
				},
				{
					"name" : "coeff_in[13]",
					"strict" : false
				},
				{
					"name" : "coeff_in[6]",
					"strict" : false
				},
				{
					"name" : "coeff_in[4]",
					"strict" : false
				},
				{
					"name" : "coeff_in[14]",
					"strict" : false
				},
				{
					"name" : "coeff_in[12]",
					"strict" : false
				},
				{
					"name" : "coeff_in[10]",
					"strict" : false
				},
				{
					"name" : "coeff_in[8]",
					"strict" : false
				},
				{
					"name" : "coeff_in[1]",
					"strict" : false
				},
				{
					"name" : "coeff_in[0]",
					"strict" : false
				},
				{
					"name" : "coeff_in[11]",
					"strict" : false
				},
				{
					"name" : "coeff_in[19]",
					"strict" : false
				},
				{
					"name" : "coeff_in[20]",
					"strict" : false
				},
				{
					"name" : "coeff_in[21]",
					"strict" : false
				},
				{
					"name" : "coeff_in[22]",
					"strict" : false
				},
				{
					"name" : "coeff_in[23]",
					"strict" : false
				},
				{
					"name" : "coeff_in[24]",
					"strict" : false
				},
				{
					"name" : "coeff_in[25]",
					"strict" : false
				},
				{
					"name" : "coeff_in[26]",
					"strict" : false
				},
				{
					"name" : "coeff_in[27]",
					"strict" : false
				},
				{
					"name" : "coeff_in[28]",
					"strict" : false
				},
				{
					"name" : "coeff_in[29]",
					"strict" : false
				},
				{
					"name" : "coeff_in[30]",
					"strict" : false
				},
				{
					"name" : "z_in[30]",
					"strict" : false
				},
				{
					"name" : "z_in[29]",
					"strict" : false
				},
				{
					"name" : "z_in[20]",
					"strict" : false
				},
				{
					"name" : "z_in[25]",
					"strict" : false
				},
				{
					"name" : "z_in[27]",
					"strict" : false
				},
				{
					"name" : "z_in[28]",
					"strict" : false
				},
				{
					"name" : "z_in[15]",
					"strict" : false
				},
				{
					"name" : "z_in[17]",
					"strict" : false
				},
				{
					"name" : "z_in[18]",
					"strict" : false
				},
				{
					"name" : "z_in[19]",
					"strict" : false
				},
				{
					"name" : "z_in[6]",
					"strict" : false
				},
				{
					"name" : "z_in[7]",
					"strict" : false
				},
				{
					"name" : "z_in[8]",
					"strict" : false
				},
				{
					"name" : "z_in[9]",
					"strict" : false
				},
				{
					"name" : "z_in[10]",
					"strict" : false
				},
				{
					"name" : "z_in[23]",
					"strict" : false
				},
				{
					"name" : "z_in[24]",
					"strict" : false
				},
				{
					"name" : "z_in[26]",
					"strict" : false
				},
				{
					"name" : "z_in[14]",
					"strict" : false
				},
				{
					"name" : "z_in[16]",
					"strict" : false
				},
				{
					"name" : "z_in[21]",
					"strict" : false
				},
				{
					"name" : "z_in[22]",
					"strict" : false
				},
				{
					"name" : "z_in[5]",
					"strict" : false
				},
				{
					"name" : "z_in[11]",
					"strict" : false
				},
				{
					"name" : "z_in[12]",
					"strict" : false
				},
				{
					"name" : "z_in[13]",
					"strict" : false
				},
				{
					"name" : "z_in[0]",
					"strict" : false
				},
				{
					"name" : "z_in[1]",
					"strict" : false
				},
				{
					"name" : "z_in[2]",
					"strict" : false
				},
				{
					"name" : "z_in[3]",
					"strict" : false
				},
				{
					"name" : "z_in[4]",
					"strict" : false
				}
			]
		}
	]
}